timestamp_utc,clip_id,attempt,model_id,voice_label,voice_id,lang,script,chars,output_format,http_status,request_id,bytes,outcome,file
2026-09-26T23:55:14+00:00,AI_v2_EN_VA_S1,1,eleven_multilingual_v2,VA,CwhRBWXzGAHq8TQ4Fs17,EN,S1,129,mp3_44100_128,200,cmjcu8QkHjZ5kicZE3D8,120834,ok,AI_v2_EN_VA_S1.mp3
2026-09-26T23:55:17+00:00,AI_v2_HI_VA_S2,1,eleven_multilingual_v2,VA,CwhRBWXzGAHq8TQ4Fs17,HI,S2,131,mp3_44100_128,200,FzDd5tWi4VclhjOlC5ln,143822,ok,AI_v2_HI_VA_S2.mp3
2026-09-26T23:55:21+00:00,AI_v2_ES_VA_S3,1,eleven_multilingual_v2,VA,CwhRBWXzGAHq8TQ4Fs17,ES,S3,155,mp3_44100_128,200,pT8BCBzeawKjhus1qbUT,142150,ok,AI_v2_ES_VA_S3.mp3
2026-09-26T23:55:24+00:00,AI_v2_EN_VB_S2,1,eleven_multilingual_v2,VB,EXAVITQu4vr4xnSDxMaL,EN,S2,136,mp3_44100_128,200,8eKpDtKoyAvVakQ3kOaT,111639,ok,AI_v2_EN_VB_S2.mp3
2026-09-26T23:55:27+00:00,AI_v2_HI_VB_S3,1,eleven_multilingual_v2,VB,EXAVITQu4vr4xnSDxMaL,HI,S3,142,mp3_44100_128,200,hjk4AeFJ2grYbU4YrboW,192723,ok,AI_v2_HI_VB_S3.mp3
2026-09-26T23:55:30+00:00,AI_v2_ES_VB_S1,1,eleven_multilingual_v2,VB,EXAVITQu4vr4xnSDxMaL,ES,S1,148,mp3_44100_128,200,eV83YGnL4ThCUH9EYGut,151763,ok,AI_v2_ES_VB_S1.mp3
2026-09-26T23:55:32+00:00,AI_fl_EN_VA_S1,1,eleven_flash_v2_5,VA,CwhRBWXzGAHq8TQ4Fs17,EN,S1,129,mp3_44100_128,200,zw5wQh7QjfK74hOK3ztj,116236,ok,AI_fl_EN_VA_S1.mp3
2026-09-26T23:55:34+00:00,AI_fl_HI_VA_S2,1,eleven_flash_v2_5,VA,CwhRBWXzGAHq8TQ4Fs17,HI,S2,131,mp3_44100_128,200,lYs7opwRod0Sl08iElBS,151763,ok,AI_fl_HI_VA_S2.mp3
2026-09-26T23:55:37+00:00,AI_fl_ES_VA_S3,1,eleven_flash_v2_5,VA,CwhRBWXzGAHq8TQ4Fs17,ES,S3,155,mp3_44100_128,200,IxmYuqwP2KFBHQJjjTex,181438,ok,AI_fl_ES_VA_S3.mp3
2026-09-26T23:55:39+00:00,AI_fl_EN_VB_S2,1,eleven_flash_v2_5,VB,EXAVITQu4vr4xnSDxMaL,EN,S2,136,mp3_44100_128,200,zgEj5o9ulDIbyCzy76de,111639,ok,AI_fl_EN_VB_S2.mp3
2026-09-26T23:55:41+00:00,AI_fl_HI_VB_S3,1,eleven_flash_v2_5,VB,EXAVITQu4vr4xnSDxMaL,HI,S3,142,mp3_44100_128,200,RxOBlHAaBEYzS21Gn4op,160958,ok,AI_fl_HI_VB_S3.mp3
2026-09-26T23:55:43+00:00,AI_fl_ES_VB_S1,1,eleven_flash_v2_5,VB,EXAVITQu4vr4xnSDxMaL,ES,S1,148,mp3_44100_128,200,aV7ejSuA0qobuJumJWAo,153435,ok,AI_fl_ES_VB_S1.mp3
2026-09-26T23:55:48+00:00,AI_v3_EN_VA_S1,1,eleven_v3,VA,CwhRBWXzGAHq8TQ4Fs17,EN,S1,129,mp3_44100_128,200,ZsI8UpmlzeLU08TeQ24a,145911,ok,AI_v3_EN_VA_S1.mp3
2026-09-26T23:55:55+00:00,AI_v3_HI_VA_S2,1,eleven_v3,VA,CwhRBWXzGAHq8TQ4Fs17,HI,S2,131,mp3_44100_128,200,I3sdC85MskxXPTFFm3HI,140478,ok,AI_v3_HI_VA_S2.mp3
2026-09-26T23:56:00+00:00,AI_v3_ES_VA_S3,1,eleven_v3,VA,CwhRBWXzGAHq8TQ4Fs17,ES,S3,155,mp3_44100_128,200,8YyoJOpENQ822IRAEszM,159704,ok,AI_v3_ES_VA_S3.mp3
2026-09-26T23:56:05+00:00,AI_v3_EN_VB_S2,1,eleven_v3,VB,EXAVITQu4vr4xnSDxMaL,EN,S2,136,mp3_44100_128,200,lS8mQ9B6Sf4arHLNALSA,108713,ok,AI_v3_EN_VB_S2.mp3
2026-09-26T23:56:11+00:00,AI_v3_HI_VB_S3,1,eleven_v3,VB,EXAVITQu4vr4xnSDxMaL,HI,S3,142,mp3_44100_128,200,TbPrTJK9oQk1kNFKu4Bl,162212,ok,AI_v3_HI_VB_S3.mp3
2026-09-26T23:56:16+00:00,AI_v3_ES_VB_S1,1,eleven_v3,VB,EXAVITQu4vr4xnSDxMaL,ES,S1,148,mp3_44100_128,200,Ih3X0qIIOrN0bi1ESeG6,147165,ok,AI_v3_ES_VB_S1.mp3
2026-09-27T00:08:00+00:00,AI_fl_HI_VA_S2,2,eleven_flash_v2_5,VA,CwhRBWXzGAHq8TQ4Fs17,HI,S2,131,mp3_44100_128,200,lRaIjev83BPVgE8IO0YD,149673,ok,AI_fl_HI_VA_S2.mp3
2026-09-27T00:11:30+00:00,AI_v3_HI_VB_S3,2,eleven_v3,VB,EXAVITQu4vr4xnSDxMaL,HI,S3,142,mp3_44100_128,200,l1P0ElJn2C9h7tODw7M8,157196,ok,AI_v3_HI_VB_S3.mp3
