file,folder,clip_id,attempt_kept,condition,class,model_code,model_id,lang,voice,voice_id,script,output_format,speaker_proficiency,device,app,native_format,duration_s,sample_rate,channels,bytes,sha256
AI_fl_EN_VA_S1.mp3,raw,AI_fl_EN_VA_S1,,,AI,fl,eleven_flash_v2_5,EN,VA,CwhRBWXzGAHq8TQ4Fs17,S1,mp3_44100_128,,,,,7.198,44100,1,116236,266d8d468ed8b566af8faae745b23111eef1c84cde7426a57a039d3a3e263290
AI_fl_EN_VB_S2.mp3,raw,AI_fl_EN_VB_S2,,,AI,fl,eleven_flash_v2_5,EN,VB,EXAVITQu4vr4xnSDxMaL,S2,mp3_44100_128,,,,,6.92,44100,1,111639,bf69f082b637601131998234f8f2d28e9c087b18de8f7d6adb62194a4dcbc316
AI_fl_ES_VA_S3.mp3,raw,AI_fl_ES_VA_S3,,,AI,fl,eleven_flash_v2_5,ES,VA,CwhRBWXzGAHq8TQ4Fs17,S3,mp3_44100_128,,,,,11.285,44100,1,181438,9337ecf27ea706ed12e64c1c63dccc83a3c04cded754ca04eea0286b9d395e45
AI_fl_ES_VB_S1.mp3,raw,AI_fl_ES_VB_S1,,,AI,fl,eleven_flash_v2_5,ES,VB,EXAVITQu4vr4xnSDxMaL,S1,mp3_44100_128,,,,,9.52,44100,1,153435,3717007709a3a4a1b29e6f9cc89127a94a6e030927f7bf5b9acec7165529d9a4
AI_fl_HI_VA_S2.attempt1.mp3,raw,AI_fl_HI_VA_S2,1,,AI,fl,eleven_flash_v2_5,HI,VA,CwhRBWXzGAHq8TQ4Fs17,S2,mp3_44100_128,,,,,9.427,44100,1,151763,5dc1ab3ed60e79b85140c4c9c5a5888bea9aa921c35fcf49514391fcf3db8b98
AI_fl_HI_VA_S2.mp3,raw,AI_fl_HI_VA_S2,,,AI,fl,eleven_flash_v2_5,HI,VA,CwhRBWXzGAHq8TQ4Fs17,S2,mp3_44100_128,,,,,9.288,44100,1,149673,81566f489b848511b41be63f257292b15abf3fe1e5e40e5c28dcc0ccb0c67022
AI_fl_HI_VB_S3.mp3,raw,AI_fl_HI_VB_S3,,,AI,fl,eleven_flash_v2_5,HI,VB,EXAVITQu4vr4xnSDxMaL,S3,mp3_44100_128,,,,,9.985,44100,1,160958,2c9860a0eaf5ba1bfb1aef554a826868d1c826e20fa491c18700c6c7341c738f
AI_v2_EN_VA_S1.mp3,raw,AI_v2_EN_VA_S1,,,AI,v2,eleven_multilingual_v2,EN,VA,CwhRBWXzGAHq8TQ4Fs17,S1,mp3_44100_128,,,,,7.477,44100,1,120834,eac78cf354f485d2880bf14c12351f4ae61759b02c72d1878893e95f99b405dc
AI_v2_EN_VB_S2.mp3,raw,AI_v2_EN_VB_S2,,,AI,v2,eleven_multilingual_v2,EN,VB,EXAVITQu4vr4xnSDxMaL,S2,mp3_44100_128,,,,,6.92,44100,1,111639,71abb71100e4ca30d8633c9c26cce266a625abcdf08901c98e43dc039bc58d58
AI_v2_ES_VA_S3.mp3,raw,AI_v2_ES_VA_S3,,,AI,v2,eleven_multilingual_v2,ES,VA,CwhRBWXzGAHq8TQ4Fs17,S3,mp3_44100_128,,,,,8.824,44100,1,142150,24be773be3f302264e5efaff384e47ff11c13845dc3b26cb8d11471b9f18574d
AI_v2_ES_VB_S1.mp3,raw,AI_v2_ES_VB_S1,,,AI,v2,eleven_multilingual_v2,ES,VB,EXAVITQu4vr4xnSDxMaL,S1,mp3_44100_128,,,,,9.427,44100,1,151763,b77215068d04eced45a9ce4e70780bb4ae4b0e9a7e7e0706087586b6a9493880
AI_v2_HI_VA_S2.mp3,raw,AI_v2_HI_VA_S2,,,AI,v2,eleven_multilingual_v2,HI,VA,CwhRBWXzGAHq8TQ4Fs17,S2,mp3_44100_128,,,,,8.916,44100,1,143822,acb2f7349f9bf88d764c72940bef65fcc224cdb8ca6b24175bd3a7067a57c593
AI_v2_HI_VB_S3.mp3,raw,AI_v2_HI_VB_S3,,,AI,v2,eleven_multilingual_v2,HI,VB,EXAVITQu4vr4xnSDxMaL,S3,mp3_44100_128,,,,,11.981,44100,1,192723,5fb69dc8730c4b217cf7cf452857f2974b7925b368503c65c4af4dc81b354f12
AI_v3_EN_VA_S1.mp3,raw,AI_v3_EN_VA_S1,,,AI,v3,eleven_v3,EN,VA,CwhRBWXzGAHq8TQ4Fs17,S1,mp3_44100_128,,,,,9.04,44100,1,145911,7b6b13a7ba68bcedc266c4b1cb996e45c1e651e6a7f1f43aebd4589963433388
AI_v3_EN_VB_S2.mp3,raw,AI_v3_EN_VB_S2,,,AI,v3,eleven_v3,EN,VB,EXAVITQu4vr4xnSDxMaL,S2,mp3_44100_128,,,,,6.72,44100,1,108713,bf5364731c3a9e69454a20102f8586082ee209417a068524336c6d7a7dd8aa09
AI_v3_ES_VA_S3.mp3,raw,AI_v3_ES_VA_S3,,,AI,v3,eleven_v3,ES,VA,CwhRBWXzGAHq8TQ4Fs17,S3,mp3_44100_128,,,,,9.92,44100,1,159704,964877e324da085cb262cc2c59c6252381f8dd3b0b94deb4fad81e482dc21175
AI_v3_ES_VB_S1.mp3,raw,AI_v3_ES_VB_S1,,,AI,v3,eleven_v3,ES,VB,EXAVITQu4vr4xnSDxMaL,S1,mp3_44100_128,,,,,9.12,44100,1,147165,07cdeb6cebf74b6632a0265c2a01890c2a6acbdc914ace8c45626fca613f6469
AI_v3_HI_VA_S2.mp3,raw,AI_v3_HI_VA_S2,,,AI,v3,eleven_v3,HI,VA,CwhRBWXzGAHq8TQ4Fs17,S2,mp3_44100_128,,,,,8.72,44100,1,140478,298cb45c12362bb7bdaa0e5fe3105d79f8f12d2f76c024bc050088d33331228f
AI_v3_HI_VB_S3.attempt1.mp3,raw,AI_v3_HI_VB_S3,1,,AI,v3,eleven_v3,HI,VB,EXAVITQu4vr4xnSDxMaL,S3,mp3_44100_128,,,,,10.08,44100,1,162212,e0f680bee28962c08794d2cf95754e7c12866bc5c40bca7490bbe33f6438071b
AI_v3_HI_VB_S3.mp3,raw,AI_v3_HI_VB_S3,,,AI,v3,eleven_v3,HI,VB,EXAVITQu4vr4xnSDxMaL,S3,mp3_44100_128,,,,,9.76,44100,1,157196,2e5134bddf4e04f00ca15df8b4987856a0fc3c28cf65bcaa1eeca12f22142be1
HUM_EN_S1.m4a,controls,HUM_EN_S1,,,HUM,,,EN,,,S1,,professional,Lenovo IdeaPad 5 Pro 14ITL6,Sound Recorder,.m4a,9.301,48000,2,238992,84d5786d16eb385fd526f42d2f568cf3784d1f0165e398b4af1830a8611cd049
HUM_EN_S2.m4a,controls,HUM_EN_S2,,,HUM,,,EN,,,S2,,professional,Lenovo IdeaPad 5 Pro 14ITL9,Sound Recorder,.m4a,8.875,48000,2,228048,fd372369e4c9151dca40c52b04ea70cdbe112ef26439c49c521e22b8fc6fa350
HUM_ES_S1.m4a,controls,HUM_ES_S1,,,HUM,,,ES,,,S1,,conversational,Lenovo IdeaPad 5 Pro 14ITL11,Sound Recorder,.m4a,13.397,48000,2,343512,448561bbdadf27174d3aa63bbfae458111b56be74ceb1127cb68085e32a90502
HUM_ES_S3.m4a,controls,HUM_ES_S3,,,HUM,,,ES,,,S3,,conversational,Lenovo IdeaPad 5 Pro 14ITL8,Sound Recorder,.m4a,19.904,48000,2,509776,31d696a40cda0f709aca1a77d35b14ee0b7b61ce1aa46ba9e8072dc1b1b1797d
HUM_HI_S2.m4a,controls,HUM_HI_S2,,,HUM,,,HI,,,S2,,fluent,Lenovo IdeaPad 5 Pro 14ITL7,Sound Recorder,.m4a,11.968,48000,2,307090,1878706a257be2e3ae6d271feabcbda30be577294bbae36a7c48a85fc19c2b5d
HUM_HI_S3.m4a,controls,HUM_HI_S3,,,HUM,,,HI,,,S3,,fluent,Lenovo IdeaPad 5 Pro 14ITL10,Sound Recorder,.m4a,13.035,48000,2,334120,ec8187cc6fccb1f9a3ef4e98936e6a737185e46bc5e5fab071ffc1fe19652b51
AI_fl_EN_VA_S1_C0.mp3,degraded,AI_fl_EN_VA_S1,,C0,AI,fl,eleven_flash_v2_5,EN,VA,CwhRBWXzGAHq8TQ4Fs17,S1,mp3_44100_128,,,,,7.198,44100,1,116236,266d8d468ed8b566af8faae745b23111eef1c84cde7426a57a039d3a3e263290
AI_fl_EN_VA_S1_C1.mp3,degraded,AI_fl_EN_VA_S1,,C1,AI,fl,eleven_flash_v2_5,EN,VA,CwhRBWXzGAHq8TQ4Fs17,S1,mp3_44100_128,,,,,7.198,44100,1,58115,6612fcd27da3400d61f7f83aa5c8a3e881580944a318091020edbfcafe146338
AI_fl_EN_VA_S1_C2.wav,degraded,AI_fl_EN_VA_S1,,C2,AI,fl,eleven_flash_v2_5,EN,VA,CwhRBWXzGAHq8TQ4Fs17,S1,mp3_44100_128,,,,,7.198,8000,1,115216,1e4decbe825c60b0c4ab2d5ea5bc92dbbf249503948161f3c6c7a5404a5b9621
AI_fl_EN_VA_S1_C3.wav,degraded,AI_fl_EN_VA_S1,,C3,AI,fl,eleven_flash_v2_5,EN,VA,CwhRBWXzGAHq8TQ4Fs17,S1,mp3_44100_128,,,,,7.198,44100,1,634924,f078cc16926c6c3b57aa07ab10d8c6bafff04579e5af2f6a42f28ac1824f3ec2
AI_fl_EN_VB_S2_C0.mp3,degraded,AI_fl_EN_VB_S2,,C0,AI,fl,eleven_flash_v2_5,EN,VB,EXAVITQu4vr4xnSDxMaL,S2,mp3_44100_128,,,,,6.92,44100,1,111639,bf69f082b637601131998234f8f2d28e9c087b18de8f7d6adb62194a4dcbc316
AI_fl_EN_VB_S2_C1.mp3,degraded,AI_fl_EN_VB_S2,,C1,AI,fl,eleven_flash_v2_5,EN,VB,EXAVITQu4vr4xnSDxMaL,S2,mp3_44100_128,,,,,6.92,44100,1,55816,eb1f488375d3f2aa24546956dc79f273f096646052ace957b7c82f8067b7ff82
AI_fl_EN_VB_S2_C2.wav,degraded,AI_fl_EN_VB_S2,,C2,AI,fl,eleven_flash_v2_5,EN,VB,EXAVITQu4vr4xnSDxMaL,S2,mp3_44100_128,,,,,6.92,8000,1,110758,e04826f8e7090c4741d20aa8902778932d3e5d60aef56639e7171016a0e6e840
AI_fl_EN_VB_S2_C3.wav,degraded,AI_fl_EN_VB_S2,,C3,AI,fl,eleven_flash_v2_5,EN,VB,EXAVITQu4vr4xnSDxMaL,S2,mp3_44100_128,,,,,6.92,44100,1,610348,849881f2e5b8c327957585e5436091becaf3b0ed4059cc4657bfd6cbd5b0c67a
AI_fl_ES_VA_S3_C0.mp3,degraded,AI_fl_ES_VA_S3,,C0,AI,fl,eleven_flash_v2_5,ES,VA,CwhRBWXzGAHq8TQ4Fs17,S3,mp3_44100_128,,,,,11.285,44100,1,181438,9337ecf27ea706ed12e64c1c63dccc83a3c04cded754ca04eea0286b9d395e45
AI_fl_ES_VA_S3_C1.mp3,degraded,AI_fl_ES_VA_S3,,C1,AI,fl,eleven_flash_v2_5,ES,VA,CwhRBWXzGAHq8TQ4Fs17,S3,mp3_44100_128,,,,,11.285,44100,1,90716,ae277e2dd9849114b9fd760968322979bf53cc5ade23ac57eac4de625fc8a890
AI_fl_ES_VA_S3_C2.wav,degraded,AI_fl_ES_VA_S3,,C2,AI,fl,eleven_flash_v2_5,ES,VA,CwhRBWXzGAHq8TQ4Fs17,S3,mp3_44100_128,,,,,11.285,8000,1,180604,5df6819b4b8e4568b6b84802bdff5f3b7acaa9e0b2d5657ec416f70b46079139
AI_fl_ES_VA_S3_C3.wav,degraded,AI_fl_ES_VA_S3,,C3,AI,fl,eleven_flash_v2_5,ES,VA,CwhRBWXzGAHq8TQ4Fs17,S3,mp3_44100_128,,,,,11.285,44100,1,995372,57b088d820e67c0530d92a757eb7486120632f6dfde749725946fd70c2bfa251
AI_fl_ES_VB_S1_C0.mp3,degraded,AI_fl_ES_VB_S1,,C0,AI,fl,eleven_flash_v2_5,ES,VB,EXAVITQu4vr4xnSDxMaL,S1,mp3_44100_128,,,,,9.52,44100,1,153435,3717007709a3a4a1b29e6f9cc89127a94a6e030927f7bf5b9acec7165529d9a4
AI_fl_ES_VB_S1_C1.mp3,degraded,AI_fl_ES_VB_S1,,C1,AI,fl,eleven_flash_v2_5,ES,VB,EXAVITQu4vr4xnSDxMaL,S1,mp3_44100_128,,,,,9.52,44100,1,76714,dca0059c457cb8ea170660634b9398f7c073e1365ece484ea2439ce120c355d0
AI_fl_ES_VB_S1_C2.wav,degraded,AI_fl_ES_VB_S1,,C2,AI,fl,eleven_flash_v2_5,ES,VB,EXAVITQu4vr4xnSDxMaL,S1,mp3_44100_128,,,,,9.52,8000,1,152368,9096699a5da895d5d205d1799f6f3bece862e8f57a3520062af543b4bd640813
AI_fl_ES_VB_S1_C3.wav,degraded,AI_fl_ES_VB_S1,,C3,AI,fl,eleven_flash_v2_5,ES,VB,EXAVITQu4vr4xnSDxMaL,S1,mp3_44100_128,,,,,9.52,44100,1,839724,636ff6c6a712b262d05bef3e4a59b6b15222b767c8f7bc3448ca61dc1a281d3a
AI_fl_HI_VA_S2_C0.mp3,degraded,AI_fl_HI_VA_S2,,C0,AI,fl,eleven_flash_v2_5,HI,VA,CwhRBWXzGAHq8TQ4Fs17,S2,mp3_44100_128,,,,,9.288,44100,1,149673,81566f489b848511b41be63f257292b15abf3fe1e5e40e5c28dcc0ccb0c67022
AI_fl_HI_VA_S2_C1.mp3,degraded,AI_fl_HI_VA_S2,,C1,AI,fl,eleven_flash_v2_5,HI,VA,CwhRBWXzGAHq8TQ4Fs17,S2,mp3_44100_128,,,,,9.288,44100,1,74833,d356f0acce8446ce41e68f1f37475fae87cf3d1f63ed39aaf0407ea81dddde6b
AI_fl_HI_VA_S2_C2.wav,degraded,AI_fl_HI_VA_S2,,C2,AI,fl,eleven_flash_v2_5,HI,VA,CwhRBWXzGAHq8TQ4Fs17,S2,mp3_44100_128,,,,,9.288,8000,1,148652,ffa0b83e2f1a07b5067f5214f98b247384cb282a8929eee6815e3fbf2dfd0ffe
AI_fl_HI_VA_S2_C3.wav,degraded,AI_fl_HI_VA_S2,,C3,AI,fl,eleven_flash_v2_5,HI,VA,CwhRBWXzGAHq8TQ4Fs17,S2,mp3_44100_128,,,,,9.288,44100,1,819244,2884fd20552d3a55bd119e3b438014cf6d3077876dc5ba02dafa9a3f4cd4d336
AI_fl_HI_VB_S3_C0.mp3,degraded,AI_fl_HI_VB_S3,,C0,AI,fl,eleven_flash_v2_5,HI,VB,EXAVITQu4vr4xnSDxMaL,S3,mp3_44100_128,,,,,9.985,44100,1,160958,2c9860a0eaf5ba1bfb1aef554a826868d1c826e20fa491c18700c6c7341c738f
AI_fl_HI_VB_S3_C1.mp3,degraded,AI_fl_HI_VB_S3,,C1,AI,fl,eleven_flash_v2_5,HI,VB,EXAVITQu4vr4xnSDxMaL,S3,mp3_44100_128,,,,,9.985,44100,1,80476,0a22a2fb7d0ea024c57ff987af34b8301a8669f1215d0e811f02c5b2c5ad9a26
AI_fl_HI_VB_S3_C2.wav,degraded,AI_fl_HI_VB_S3,,C2,AI,fl,eleven_flash_v2_5,HI,VB,EXAVITQu4vr4xnSDxMaL,S3,mp3_44100_128,,,,,9.985,8000,1,159798,032d2b2408007b937bccb9dd65999961ff453b6e0a53283d649fc65cc8990c8b
AI_fl_HI_VB_S3_C3.wav,degraded,AI_fl_HI_VB_S3,,C3,AI,fl,eleven_flash_v2_5,HI,VB,EXAVITQu4vr4xnSDxMaL,S3,mp3_44100_128,,,,,9.985,44100,1,880684,5f66fe61f6512b4a8d59f2f021c9404dac2095c15a72a0ba86f4bd7adca31851
AI_v2_EN_VA_S1_C0.mp3,degraded,AI_v2_EN_VA_S1,,C0,AI,v2,eleven_multilingual_v2,EN,VA,CwhRBWXzGAHq8TQ4Fs17,S1,mp3_44100_128,,,,,7.477,44100,1,120834,eac78cf354f485d2880bf14c12351f4ae61759b02c72d1878893e95f99b405dc
AI_v2_EN_VA_S1_C1.mp3,degraded,AI_v2_EN_VA_S1,,C1,AI,v2,eleven_multilingual_v2,EN,VA,CwhRBWXzGAHq8TQ4Fs17,S1,mp3_44100_128,,,,,7.477,44100,1,60414,65d558421d27b44e0e010e992cfc18a655e5ad2664a17d6b699be3c5f2884700
AI_v2_EN_VA_S1_C2.wav,degraded,AI_v2_EN_VA_S1,,C2,AI,v2,eleven_multilingual_v2,EN,VA,CwhRBWXzGAHq8TQ4Fs17,S1,mp3_44100_128,,,,,7.477,8000,1,119674,85fc12c694bec6f33d7877af10050e57351d23beeeff3afe85bb1ecbce5ca024
AI_v2_EN_VA_S1_C3.wav,degraded,AI_v2_EN_VA_S1,,C3,AI,v2,eleven_multilingual_v2,EN,VA,CwhRBWXzGAHq8TQ4Fs17,S1,mp3_44100_128,,,,,7.477,44100,1,659500,fd7d2f735c1b4e43afd55dccc5e4ce199982857c1ffc1b2b324d54437f0cbe4c
AI_v2_EN_VB_S2_C0.mp3,degraded,AI_v2_EN_VB_S2,,C0,AI,v2,eleven_multilingual_v2,EN,VB,EXAVITQu4vr4xnSDxMaL,S2,mp3_44100_128,,,,,6.92,44100,1,111639,71abb71100e4ca30d8633c9c26cce266a625abcdf08901c98e43dc039bc58d58
AI_v2_EN_VB_S2_C1.mp3,degraded,AI_v2_EN_VB_S2,,C1,AI,v2,eleven_multilingual_v2,EN,VB,EXAVITQu4vr4xnSDxMaL,S2,mp3_44100_128,,,,,6.92,44100,1,55816,ebba6b24a762781f4056efd872eac7ec1c05ef90c1d1bdaa7a4d40e6f5d646b1
AI_v2_EN_VB_S2_C2.wav,degraded,AI_v2_EN_VB_S2,,C2,AI,v2,eleven_multilingual_v2,EN,VB,EXAVITQu4vr4xnSDxMaL,S2,mp3_44100_128,,,,,6.92,8000,1,110758,91915c9127cba66606d48c87f14417a35c6cfda3bcca08a7b818d82bf419dcec
AI_v2_EN_VB_S2_C3.wav,degraded,AI_v2_EN_VB_S2,,C3,AI,v2,eleven_multilingual_v2,EN,VB,EXAVITQu4vr4xnSDxMaL,S2,mp3_44100_128,,,,,6.92,44100,1,610348,d8572ff00f6dd056bf93f26bb70833b96d659c4f1642d24bc5ea991b6dd26af8
AI_v2_ES_VA_S3_C0.mp3,degraded,AI_v2_ES_VA_S3,,C0,AI,v2,eleven_multilingual_v2,ES,VA,CwhRBWXzGAHq8TQ4Fs17,S3,mp3_44100_128,,,,,8.824,44100,1,142150,24be773be3f302264e5efaff384e47ff11c13845dc3b26cb8d11471b9f18574d
AI_v2_ES_VA_S3_C1.mp3,degraded,AI_v2_ES_VA_S3,,C1,AI,v2,eleven_multilingual_v2,ES,VA,CwhRBWXzGAHq8TQ4Fs17,S3,mp3_44100_128,,,,,8.824,44100,1,71072,7a6ca5661ab3a2914f36c31f6cd02489b92e2edbff8537bf385465245e1dff89
AI_v2_ES_VA_S3_C2.wav,degraded,AI_v2_ES_VA_S3,,C2,AI,v2,eleven_multilingual_v2,ES,VA,CwhRBWXzGAHq8TQ4Fs17,S3,mp3_44100_128,,,,,8.824,8000,1,141222,b7411ed18736d8e52cb0320262c4d4d870b5e69def022cd944d62e1198f73d58
AI_v2_ES_VA_S3_C3.wav,degraded,AI_v2_ES_VA_S3,,C3,AI,v2,eleven_multilingual_v2,ES,VA,CwhRBWXzGAHq8TQ4Fs17,S3,mp3_44100_128,,,,,8.824,44100,1,778284,eba21969c2a0c5ded2d8bd7b58e421ee9682aca47867fea886b23abb2a48a9db
AI_v2_ES_VB_S1_C0.mp3,degraded,AI_v2_ES_VB_S1,,C0,AI,v2,eleven_multilingual_v2,ES,VB,EXAVITQu4vr4xnSDxMaL,S1,mp3_44100_128,,,,,9.427,44100,1,151763,b77215068d04eced45a9ce4e70780bb4ae4b0e9a7e7e0706087586b6a9493880
AI_v2_ES_VB_S1_C1.mp3,degraded,AI_v2_ES_VB_S1,,C1,AI,v2,eleven_multilingual_v2,ES,VB,EXAVITQu4vr4xnSDxMaL,S1,mp3_44100_128,,,,,9.427,44100,1,75878,4775f6a08f8d7f9eff1da2c87ea54430b6ecc0c1389206e639752d7213b842dc
AI_v2_ES_VB_S1_C2.wav,degraded,AI_v2_ES_VB_S1,,C2,AI,v2,eleven_multilingual_v2,ES,VB,EXAVITQu4vr4xnSDxMaL,S1,mp3_44100_128,,,,,9.427,8000,1,150882,d9da661f4af0db4e8c3a1bf2cac593244840fdd6145e1a2e77acd41e0ed4ff11
AI_v2_ES_VB_S1_C3.wav,degraded,AI_v2_ES_VB_S1,,C3,AI,v2,eleven_multilingual_v2,ES,VB,EXAVITQu4vr4xnSDxMaL,S1,mp3_44100_128,,,,,9.427,44100,1,831532,80ffdd530c7f50c4f28e2399e51006ae774d05645b222f2c1974487f4f7c590d
AI_v2_HI_VA_S2_C0.mp3,degraded,AI_v2_HI_VA_S2,,C0,AI,v2,eleven_multilingual_v2,HI,VA,CwhRBWXzGAHq8TQ4Fs17,S2,mp3_44100_128,,,,,8.916,44100,1,143822,acb2f7349f9bf88d764c72940bef65fcc224cdb8ca6b24175bd3a7067a57c593
AI_v2_HI_VA_S2_C1.mp3,degraded,AI_v2_HI_VA_S2,,C1,AI,v2,eleven_multilingual_v2,HI,VA,CwhRBWXzGAHq8TQ4Fs17,S2,mp3_44100_128,,,,,8.916,44100,1,71908,d0dc605a04c55d95bedaa0b86f7c1a9334f9e3318c249faf4a40bd0c2d108019
AI_v2_HI_VA_S2_C2.wav,degraded,AI_v2_HI_VA_S2,,C2,AI,v2,eleven_multilingual_v2,HI,VA,CwhRBWXzGAHq8TQ4Fs17,S2,mp3_44100_128,,,,,8.916,8000,1,142708,e645025be9f3adab4c091e4db58a70bb0ac372f14c7c735d48a51e5bee1078be
AI_v2_HI_VA_S2_C3.wav,degraded,AI_v2_HI_VA_S2,,C3,AI,v2,eleven_multilingual_v2,HI,VA,CwhRBWXzGAHq8TQ4Fs17,S2,mp3_44100_128,,,,,8.916,44100,1,786476,230b6176ae33a2356a8fe1833c0d5e980783f5a5be29e1041bdc31f0bd490fe6
AI_v2_HI_VB_S3_C0.mp3,degraded,AI_v2_HI_VB_S3,,C0,AI,v2,eleven_multilingual_v2,HI,VB,EXAVITQu4vr4xnSDxMaL,S3,mp3_44100_128,,,,,11.981,44100,1,192723,5fb69dc8730c4b217cf7cf452857f2974b7925b368503c65c4af4dc81b354f12
AI_v2_HI_VB_S3_C1.mp3,degraded,AI_v2_HI_VB_S3,,C1,AI,v2,eleven_multilingual_v2,HI,VB,EXAVITQu4vr4xnSDxMaL,S3,mp3_44100_128,,,,,11.981,44100,1,96358,66a53405e02797fcae7a2ac59dff77561522cbe3d1541a3b24a10c1356e99030
AI_v2_HI_VB_S3_C2.wav,degraded,AI_v2_HI_VB_S3,,C2,AI,v2,eleven_multilingual_v2,HI,VB,EXAVITQu4vr4xnSDxMaL,S3,mp3_44100_128,,,,,11.982,8000,1,191748,190fd65f674d596c6a50c9dc8d64c20d6b5ff8e5b930ad80e4521b9cb06bf0cb
AI_v2_HI_VB_S3_C3.wav,degraded,AI_v2_HI_VB_S3,,C3,AI,v2,eleven_multilingual_v2,HI,VB,EXAVITQu4vr4xnSDxMaL,S3,mp3_44100_128,,,,,11.981,44100,1,1056812,6df11860b53d4fecddb3f14730b21fd36b8b21e267aa7cdec615e11ebc6227a6
AI_v3_EN_VA_S1_C0.mp3,degraded,AI_v3_EN_VA_S1,,C0,AI,v3,eleven_v3,EN,VA,CwhRBWXzGAHq8TQ4Fs17,S1,mp3_44100_128,,,,,9.04,44100,1,145911,7b6b13a7ba68bcedc266c4b1cb996e45c1e651e6a7f1f43aebd4589963433388
AI_v3_EN_VA_S1_C1.mp3,degraded,AI_v3_EN_VA_S1,,C1,AI,v3,eleven_v3,EN,VA,CwhRBWXzGAHq8TQ4Fs17,S1,mp3_44100_128,,,,,9.04,44100,1,72952,d84b71a4b22aa63992a001ef15b0594c4c3e8385eb543a34f770ee7f2995c9be
AI_v3_EN_VA_S1_C2.wav,degraded,AI_v3_EN_VA_S1,,C2,AI,v3,eleven_v3,EN,VA,CwhRBWXzGAHq8TQ4Fs17,S1,mp3_44100_128,,,,,9.04,8000,1,144684,8a758f8f70a95f26d51fad12bb8f9b32025fb3e7ecdbd428b33e9b2cd2cf40a7
AI_v3_EN_VA_S1_C3.wav,degraded,AI_v3_EN_VA_S1,,C3,AI,v3,eleven_v3,EN,VA,CwhRBWXzGAHq8TQ4Fs17,S1,mp3_44100_128,,,,,9.04,44100,1,797372,b7e86d8679825ef6a3feb6894f8d7c86d12317f287924d98cfe20245a3576100
AI_v3_EN_VB_S2_C0.mp3,degraded,AI_v3_EN_VB_S2,,C0,AI,v3,eleven_v3,EN,VB,EXAVITQu4vr4xnSDxMaL,S2,mp3_44100_128,,,,,6.72,44100,1,108713,bf5364731c3a9e69454a20102f8586082ee209417a068524336c6d7a7dd8aa09
AI_v3_EN_VB_S2_C1.mp3,degraded,AI_v3_EN_VB_S2,,C1,AI,v3,eleven_v3,EN,VB,EXAVITQu4vr4xnSDxMaL,S2,mp3_44100_128,,,,,6.72,44100,1,54353,4d3677b3189017b0d6f05053d6ee98712e4500129f509fb325860f9b8c58498b
AI_v3_EN_VB_S2_C2.wav,degraded,AI_v3_EN_VB_S2,,C2,AI,v3,eleven_v3,EN,VB,EXAVITQu4vr4xnSDxMaL,S2,mp3_44100_128,,,,,6.72,8000,1,107564,59f2d3a499a246201e277fe739079e28397a6763bc4a82d162c0c122d0275123
AI_v3_EN_VB_S2_C3.wav,degraded,AI_v3_EN_VB_S2,,C3,AI,v3,eleven_v3,EN,VB,EXAVITQu4vr4xnSDxMaL,S2,mp3_44100_128,,,,,6.72,44100,1,592748,44dc795919c5c57522973d4febada35d98362d54d88b2b4e397c55d059bec556
AI_v3_ES_VA_S3_C0.mp3,degraded,AI_v3_ES_VA_S3,,C0,AI,v3,eleven_v3,ES,VA,CwhRBWXzGAHq8TQ4Fs17,S3,mp3_44100_128,,,,,9.92,44100,1,159704,964877e324da085cb262cc2c59c6252381f8dd3b0b94deb4fad81e482dc21175
AI_v3_ES_VA_S3_C1.mp3,degraded,AI_v3_ES_VA_S3,,C1,AI,v3,eleven_v3,ES,VA,CwhRBWXzGAHq8TQ4Fs17,S3,mp3_44100_128,,,,,9.92,44100,1,79849,a4e5aafdad109a640089dd6b4b355c235979bd6c463246032da8c67df9726caa
AI_v3_ES_VA_S3_C2.wav,degraded,AI_v3_ES_VA_S3,,C2,AI,v3,eleven_v3,ES,VA,CwhRBWXzGAHq8TQ4Fs17,S3,mp3_44100_128,,,,,9.92,8000,1,158764,8f2dfd1d00da1dfe1de1860b1e8165a40f3cd4d79258f9aae647716d476b5470
AI_v3_ES_VA_S3_C3.wav,degraded,AI_v3_ES_VA_S3,,C3,AI,v3,eleven_v3,ES,VA,CwhRBWXzGAHq8TQ4Fs17,S3,mp3_44100_128,,,,,9.92,44100,1,874988,44cb23f6716bb9e9ad90f6ef8892799286c7f2ae450155675e0a8b9d502aa700
AI_v3_ES_VB_S1_C0.mp3,degraded,AI_v3_ES_VB_S1,,C0,AI,v3,eleven_v3,ES,VB,EXAVITQu4vr4xnSDxMaL,S1,mp3_44100_128,,,,,9.12,44100,1,147165,07cdeb6cebf74b6632a0265c2a01890c2a6acbdc914ace8c45626fca613f6469
AI_v3_ES_VB_S1_C1.mp3,degraded,AI_v3_ES_VB_S1,,C1,AI,v3,eleven_v3,ES,VB,EXAVITQu4vr4xnSDxMaL,S1,mp3_44100_128,,,,,9.12,44100,1,73579,0c53ab37d9439f0110e3c2fc6ae9098d75bf1848afa073a1654569f49325dfdb
AI_v3_ES_VB_S1_C2.wav,degraded,AI_v3_ES_VB_S1,,C2,AI,v3,eleven_v3,ES,VB,EXAVITQu4vr4xnSDxMaL,S1,mp3_44100_128,,,,,9.12,8000,1,145964,9fdd3e62d39aa815eca42108dc791e5b8dc78e70ec82a44b4114312c71232147
AI_v3_ES_VB_S1_C3.wav,degraded,AI_v3_ES_VB_S1,,C3,AI,v3,eleven_v3,ES,VB,EXAVITQu4vr4xnSDxMaL,S1,mp3_44100_128,,,,,9.12,44100,1,804428,83b5dd32312e5b73c18e2e154537bfe9f901dad836004e91028ef802428dc540
AI_v3_HI_VA_S2_C0.mp3,degraded,AI_v3_HI_VA_S2,,C0,AI,v3,eleven_v3,HI,VA,CwhRBWXzGAHq8TQ4Fs17,S2,mp3_44100_128,,,,,8.72,44100,1,140478,298cb45c12362bb7bdaa0e5fe3105d79f8f12d2f76c024bc050088d33331228f
AI_v3_HI_VA_S2_C1.mp3,degraded,AI_v3_HI_VA_S2,,C1,AI,v3,eleven_v3,HI,VA,CwhRBWXzGAHq8TQ4Fs17,S2,mp3_44100_128,,,,,8.72,44100,1,70236,154f2ff2eb2373573edbdc58c0433316e26e42fe84c871701e077e068b71c38d
AI_v3_HI_VA_S2_C2.wav,degraded,AI_v3_HI_VA_S2,,C2,AI,v3,eleven_v3,HI,VA,CwhRBWXzGAHq8TQ4Fs17,S2,mp3_44100_128,,,,,8.72,8000,1,139564,223fff9b3e21b01d00a0a54ad2a12cb273e1677f6cd93d343a2e1994262e7221
AI_v3_HI_VA_S2_C3.wav,degraded,AI_v3_HI_VA_S2,,C3,AI,v3,eleven_v3,HI,VA,CwhRBWXzGAHq8TQ4Fs17,S2,mp3_44100_128,,,,,8.72,44100,1,769148,c6fd0367dd9d05a4da392556da26cb4b97976d9e7d7acf12fb9fe78b43251a88
AI_v3_HI_VB_S3_C0.mp3,degraded,AI_v3_HI_VB_S3,,C0,AI,v3,eleven_v3,HI,VB,EXAVITQu4vr4xnSDxMaL,S3,mp3_44100_128,,,,,9.76,44100,1,157196,2e5134bddf4e04f00ca15df8b4987856a0fc3c28cf65bcaa1eeca12f22142be1
AI_v3_HI_VB_S3_C1.mp3,degraded,AI_v3_HI_VB_S3,,C1,AI,v3,eleven_v3,HI,VB,EXAVITQu4vr4xnSDxMaL,S3,mp3_44100_128,,,,,9.76,44100,1,78595,fdba8a1cd3ba2171b3a4abe6ed48308bef7dd8203eadfdd57f3d5885dbf7fa00
AI_v3_HI_VB_S3_C2.wav,degraded,AI_v3_HI_VB_S3,,C2,AI,v3,eleven_v3,HI,VB,EXAVITQu4vr4xnSDxMaL,S3,mp3_44100_128,,,,,9.76,8000,1,156204,7229375da83d6ccb6d330eaea8c172efcd3bb57bbd818387af5cb6448ecc5571
AI_v3_HI_VB_S3_C3.wav,degraded,AI_v3_HI_VB_S3,,C3,AI,v3,eleven_v3,HI,VB,EXAVITQu4vr4xnSDxMaL,S3,mp3_44100_128,,,,,9.76,44100,1,860876,22d045ad7610144be758f2661edbbac2fc68f29261d5a910bd74cbdbe157ca06
HUM_EN_S1_C0.m4a,degraded,HUM_EN_S1,,C0,HUM,,,EN,,,S1,,professional,Lenovo IdeaPad 5 Pro 14ITL6,Sound Recorder,.m4a,9.301,48000,2,238992,84d5786d16eb385fd526f42d2f568cf3784d1f0165e398b4af1830a8611cd049
HUM_EN_S1_C1.mp3,degraded,HUM_EN_S1,,C1,HUM,,,EN,,,S1,,professional,Lenovo IdeaPad 5 Pro 14ITL6,Sound Recorder,.m4a,9.301,48000,2,74900,076beb2737aa04147cd34130aa94a324287eb428e94a0791aacd87c8f90f0bae
HUM_EN_S1_C2.wav,degraded,HUM_EN_S1,,C2,HUM,,,EN,,,S1,,professional,Lenovo IdeaPad 5 Pro 14ITL6,Sound Recorder,.m4a,9.301,8000,1,148866,d6fcec85213d5dd895e331309a6676be2cab383c137ef0f382c7442a25503a2e
HUM_EN_S1_C3.wav,degraded,HUM_EN_S1,,C3,HUM,,,EN,,,S1,,professional,Lenovo IdeaPad 5 Pro 14ITL6,Sound Recorder,.m4a,9.301,44100,1,820420,108c4d014491204fa8a7424d267a5167ef543f870b2869fca7fa44cd6971b73e
HUM_EN_S2_C0.m4a,degraded,HUM_EN_S2,,C0,HUM,,,EN,,,S2,,professional,Lenovo IdeaPad 5 Pro 14ITL9,Sound Recorder,.m4a,8.875,48000,2,228048,fd372369e4c9151dca40c52b04ea70cdbe112ef26439c49c521e22b8fc6fa350
HUM_EN_S2_C1.mp3,degraded,HUM_EN_S2,,C1,HUM,,,EN,,,S2,,professional,Lenovo IdeaPad 5 Pro 14ITL9,Sound Recorder,.m4a,8.875,48000,2,71444,6fd42841834485a10f963285c00d4edf4ccb4d428cc7f23653006037b4ff3ce9
HUM_EN_S2_C2.wav,degraded,HUM_EN_S2,,C2,HUM,,,EN,,,S2,,professional,Lenovo IdeaPad 5 Pro 14ITL9,Sound Recorder,.m4a,8.875,8000,1,142038,2ac8d657d4e4bd22725d82921914aad97b40518f0133c64429d8b77a5e37c465
HUM_EN_S2_C3.wav,degraded,HUM_EN_S2,,C3,HUM,,,EN,,,S2,,professional,Lenovo IdeaPad 5 Pro 14ITL9,Sound Recorder,.m4a,8.875,44100,1,782788,065633a898ea76b22da352384e61a7f0896b65825e3e88179d3786ea086439a7
HUM_ES_S1_C0.m4a,degraded,HUM_ES_S1,,C0,HUM,,,ES,,,S1,,conversational,Lenovo IdeaPad 5 Pro 14ITL11,Sound Recorder,.m4a,13.397,48000,2,343512,448561bbdadf27174d3aa63bbfae458111b56be74ceb1127cb68085e32a90502
HUM_ES_S1_C1.mp3,degraded,HUM_ES_S1,,C1,HUM,,,ES,,,S1,,conversational,Lenovo IdeaPad 5 Pro 14ITL11,Sound Recorder,.m4a,13.397,48000,2,107732,ad98d0a708e56bfb3296edb4b7baa5a218e9712f82803633da1500ed30752e8b
HUM_ES_S1_C2.wav,degraded,HUM_ES_S1,,C2,HUM,,,ES,,,S1,,conversational,Lenovo IdeaPad 5 Pro 14ITL11,Sound Recorder,.m4a,13.397,8000,1,214402,114c591773b2854bbe1ebb3cc6be15736cefa8949558bbdea7920d9cfd4d5d71
HUM_ES_S1_C3.wav,degraded,HUM_ES_S1,,C3,HUM,,,ES,,,S1,,conversational,Lenovo IdeaPad 5 Pro 14ITL11,Sound Recorder,.m4a,13.397,44100,1,1181688,3797b6f07c17b4651170c85a8b25880d5f13d14fc24fa031fcc723e5b7326e99
HUM_ES_S3_C0.m4a,degraded,HUM_ES_S3,,C0,HUM,,,ES,,,S3,,conversational,Lenovo IdeaPad 5 Pro 14ITL8,Sound Recorder,.m4a,19.904,48000,2,509776,31d696a40cda0f709aca1a77d35b14ee0b7b61ce1aa46ba9e8072dc1b1b1797d
HUM_ES_S3_C1.mp3,degraded,HUM_ES_S3,,C1,HUM,,,ES,,,S3,,conversational,Lenovo IdeaPad 5 Pro 14ITL8,Sound Recorder,.m4a,19.904,48000,2,159764,5463c054bd8917fb3a911bf0de893019511c4050c8fc7fab5dba1f389ed96c8c
HUM_ES_S3_C2.wav,degraded,HUM_ES_S3,,C2,HUM,,,ES,,,S3,,conversational,Lenovo IdeaPad 5 Pro 14ITL8,Sound Recorder,.m4a,19.904,8000,1,318508,846d442333c85e91597fd9b498b04942e1d907af3ca70c702c9c8c4096746641
HUM_ES_S3_C3.wav,degraded,HUM_ES_S3,,C3,HUM,,,ES,,,S3,,conversational,Lenovo IdeaPad 5 Pro 14ITL8,Sound Recorder,.m4a,19.904,44100,1,1755578,93206325bcd04e37b57eab9f0e2f8415bb2bf6f072d469496f777cd28f37fc94
HUM_HI_S2_C0.m4a,degraded,HUM_HI_S2,,C0,HUM,,,HI,,,S2,,fluent,Lenovo IdeaPad 5 Pro 14ITL7,Sound Recorder,.m4a,11.968,48000,2,307090,1878706a257be2e3ae6d271feabcbda30be577294bbae36a7c48a85fc19c2b5d
HUM_HI_S2_C1.mp3,degraded,HUM_HI_S2,,C1,HUM,,,HI,,,S2,,fluent,Lenovo IdeaPad 5 Pro 14ITL7,Sound Recorder,.m4a,11.968,48000,2,96212,fb8bf2889a5cb43f8a4607d66e09feb28c736d4374f1d11323819dd72c9eff02
HUM_HI_S2_C2.wav,degraded,HUM_HI_S2,,C2,HUM,,,HI,,,S2,,fluent,Lenovo IdeaPad 5 Pro 14ITL7,Sound Recorder,.m4a,11.968,8000,1,191532,6c1a937dbd54c66b64822a3d276a450064f12a1baebc1bced40a98c14fb1418b
HUM_HI_S2_C3.wav,degraded,HUM_HI_S2,,C3,HUM,,,HI,,,S2,,fluent,Lenovo IdeaPad 5 Pro 14ITL7,Sound Recorder,.m4a,11.968,44100,1,1055622,214ac9461d86703a0b3014bcaced8d491c26f483111fba9945f2f8d9544633d8
HUM_HI_S3_C0.m4a,degraded,HUM_HI_S3,,C0,HUM,,,HI,,,S3,,fluent,Lenovo IdeaPad 5 Pro 14ITL10,Sound Recorder,.m4a,13.035,48000,2,334120,ec8187cc6fccb1f9a3ef4e98936e6a737185e46bc5e5fab071ffc1fe19652b51
HUM_HI_S3_C1.mp3,degraded,HUM_HI_S3,,C1,HUM,,,HI,,,S3,,fluent,Lenovo IdeaPad 5 Pro 14ITL10,Sound Recorder,.m4a,13.035,48000,2,104852,fbc6cdaecb5fc17118e176fb6eaa4690b4ac8655cb8c793b87d4a74aaafa967e
HUM_HI_S3_C2.wav,degraded,HUM_HI_S3,,C2,HUM,,,HI,,,S3,,fluent,Lenovo IdeaPad 5 Pro 14ITL10,Sound Recorder,.m4a,13.035,8000,1,208598,0db7d8aaf0e93d82d47414a52d0fa2cb9ae375ccc5da19be09f4fca96362b3cd
HUM_HI_S3_C3.wav,degraded,HUM_HI_S3,,C3,HUM,,,HI,,,S3,,fluent,Lenovo IdeaPad 5 Pro 14ITL10,Sound Recorder,.m4a,13.035,44100,1,1149700,74ea0c604172b8d42a954018e430210b3707051895ab59fd6f73e96696f674c2
