position,file,file_id,class,model,lang,voice,script,condition,raw_score_pct,result_text,detected,attempts,query_timestamp_utc,screenshot,notes
1,AI_v2_HI_VB_S3_C3.wav,AI_v2_HI_VB_S3_C3,AI,v2,HI,VB,S3,C3,,,,,,,
2,AI_v3_ES_VA_S3_C1.mp3,AI_v3_ES_VA_S3_C1,AI,v3,ES,VA,S3,C1,,,,,,,
3,HUM_ES_S1_C3.wav,HUM_ES_S1_C3,HUM,,ES,,S1,C3,,,,,,,
4,AI_v3_EN_VB_S2_C0.mp3,AI_v3_EN_VB_S2_C0,AI,v3,EN,VB,S2,C0,,,,,,,
5,HUM_HI_S3_C1.mp3,HUM_HI_S3_C1,HUM,,HI,,S3,C1,,,,,,,
6,AI_fl_HI_VB_S3_C2.wav,AI_fl_HI_VB_S3_C2,AI,fl,HI,VB,S3,C2,,,,,,,
7,AI_v2_EN_VA_S1_C0.mp3,AI_v2_EN_VA_S1_C0,AI,v2,EN,VA,S1,C0,,,,,,,
8,AI_v2_EN_VA_S1_C3.wav,AI_v2_EN_VA_S1_C3,AI,v2,EN,VA,S1,C3,,,,,,,
9,AI_v2_HI_VA_S2_C3.wav,AI_v2_HI_VA_S2_C3,AI,v2,HI,VA,S2,C3,,,,,,,
10,HUM_HI_S2_C0.m4a,HUM_HI_S2_C0,HUM,,HI,,S2,C0,,,,,,,
11,HUM_HI_S3_C3.wav,HUM_HI_S3_C3,HUM,,HI,,S3,C3,,,,,,,
12,AI_v3_EN_VA_S1_C2.wav,AI_v3_EN_VA_S1_C2,AI,v3,EN,VA,S1,C2,,,,,,,
13,AI_fl_ES_VB_S1_C0.mp3,AI_fl_ES_VB_S1_C0,AI,fl,ES,VB,S1,C0,,,,,,,
14,HUM_ES_S3_C0.m4a,HUM_ES_S3_C0,HUM,,ES,,S3,C0,,,,,,,
15,AI_v3_EN_VB_S2_C1.mp3,AI_v3_EN_VB_S2_C1,AI,v3,EN,VB,S2,C1,,,,,,,
16,AI_v2_ES_VA_S3_C2.wav,AI_v2_ES_VA_S3_C2,AI,v2,ES,VA,S3,C2,,,,,,,
17,AI_fl_HI_VB_S3_C1.mp3,AI_fl_HI_VB_S3_C1,AI,fl,HI,VB,S3,C1,,,,,,,
18,AI_v2_HI_VB_S3_C1.mp3,AI_v2_HI_VB_S3_C1,AI,v2,HI,VB,S3,C1,,,,,,,
19,AI_v3_EN_VA_S1_C1.mp3,AI_v3_EN_VA_S1_C1,AI,v3,EN,VA,S1,C1,,,,,,,
20,HUM_EN_S1_C1.mp3,HUM_EN_S1_C1,HUM,,EN,,S1,C1,,,,,,,
21,HUM_HI_S2_C1.mp3,HUM_HI_S2_C1,HUM,,HI,,S2,C1,,,,,,,
22,AI_v2_EN_VB_S2_C1.mp3,AI_v2_EN_VB_S2_C1,AI,v2,EN,VB,S2,C1,,,,,,,
23,AI_v3_HI_VA_S2_C1.mp3,AI_v3_HI_VA_S2_C1,AI,v3,HI,VA,S2,C1,,,,,,,
24,HUM_EN_S2_C3.wav,HUM_EN_S2_C3,HUM,,EN,,S2,C3,,,,,,,
25,AI_v3_HI_VB_S3_C1.mp3,AI_v3_HI_VB_S3_C1,AI,v3,HI,VB,S3,C1,,,,,,,
26,HUM_EN_S2_C2.wav,HUM_EN_S2_C2,HUM,,EN,,S2,C2,,,,,,,
27,HUM_EN_S1_C0.m4a,HUM_EN_S1_C0,HUM,,EN,,S1,C0,,,,,,,
28,AI_v3_HI_VB_S3_C3.wav,AI_v3_HI_VB_S3_C3,AI,v3,HI,VB,S3,C3,,,,,,,
29,HUM_EN_S2_C0.m4a,HUM_EN_S2_C0,HUM,,EN,,S2,C0,,,,,,,
30,AI_v3_ES_VA_S3_C2.wav,AI_v3_ES_VA_S3_C2,AI,v3,ES,VA,S3,C2,,,,,,,
31,HUM_ES_S1_C0.m4a,HUM_ES_S1_C0,HUM,,ES,,S1,C0,,,,,,,
32,AI_fl_HI_VA_S2_C3.wav,AI_fl_HI_VA_S2_C3,AI,fl,HI,VA,S2,C3,,,,,,,
33,AI_v2_HI_VA_S2_C1.mp3,AI_v2_HI_VA_S2_C1,AI,v2,HI,VA,S2,C1,,,,,,,
34,AI_v2_ES_VA_S3_C3.wav,AI_v2_ES_VA_S3_C3,AI,v2,ES,VA,S3,C3,,,,,,,
35,AI_fl_EN_VB_S2_C1.mp3,AI_fl_EN_VB_S2_C1,AI,fl,EN,VB,S2,C1,,,,,,,
36,AI_v2_EN_VB_S2_C0.mp3,AI_v2_EN_VB_S2_C0,AI,v2,EN,VB,S2,C0,,,,,,,
37,AI_fl_EN_VA_S1_C3.wav,AI_fl_EN_VA_S1_C3,AI,fl,EN,VA,S1,C3,,,,,,,
38,AI_fl_EN_VB_S2_C0.mp3,AI_fl_EN_VB_S2_C0,AI,fl,EN,VB,S2,C0,,,,,,,
39,AI_v2_ES_VA_S3_C1.mp3,AI_v2_ES_VA_S3_C1,AI,v2,ES,VA,S3,C1,,,,,,,
40,AI_v3_ES_VB_S1_C1.mp3,AI_v3_ES_VB_S1_C1,AI,v3,ES,VB,S1,C1,,,,,,,
41,AI_fl_ES_VA_S3_C2.wav,AI_fl_ES_VA_S3_C2,AI,fl,ES,VA,S3,C2,,,,,,,
42,AI_v2_HI_VA_S2_C2.wav,AI_v2_HI_VA_S2_C2,AI,v2,HI,VA,S2,C2,,,,,,,
43,HUM_HI_S3_C2.wav,HUM_HI_S3_C2,HUM,,HI,,S3,C2,,,,,,,
44,HUM_ES_S3_C2.wav,HUM_ES_S3_C2,HUM,,ES,,S3,C2,,,,,,,
45,AI_fl_EN_VB_S2_C2.wav,AI_fl_EN_VB_S2_C2,AI,fl,EN,VB,S2,C2,,,,,,,
46,HUM_ES_S3_C3.wav,HUM_ES_S3_C3,HUM,,ES,,S3,C3,,,,,,,
47,AI_v3_EN_VA_S1_C0.mp3,AI_v3_EN_VA_S1_C0,AI,v3,EN,VA,S1,C0,,,,,,,
48,HUM_ES_S1_C1.mp3,HUM_ES_S1_C1,HUM,,ES,,S1,C1,,,,,,,
49,AI_v3_EN_VB_S2_C3.wav,AI_v3_EN_VB_S2_C3,AI,v3,EN,VB,S2,C3,,,,,,,
50,AI_v2_EN_VB_S2_C3.wav,AI_v2_EN_VB_S2_C3,AI,v2,EN,VB,S2,C3,,,,,,,
51,AI_fl_ES_VA_S3_C3.wav,AI_fl_ES_VA_S3_C3,AI,fl,ES,VA,S3,C3,,,,,,,
52,HUM_EN_S1_C2.wav,HUM_EN_S1_C2,HUM,,EN,,S1,C2,,,,,,,
53,AI_fl_HI_VB_S3_C0.mp3,AI_fl_HI_VB_S3_C0,AI,fl,HI,VB,S3,C0,,,,,,,
54,AI_v2_ES_VB_S1_C2.wav,AI_v2_ES_VB_S1_C2,AI,v2,ES,VB,S1,C2,,,,,,,
55,AI_fl_HI_VA_S2_C0.mp3,AI_fl_HI_VA_S2_C0,AI,fl,HI,VA,S2,C0,,,,,,,
56,AI_v3_HI_VB_S3_C2.wav,AI_v3_HI_VB_S3_C2,AI,v3,HI,VB,S3,C2,,,,,,,
57,AI_v3_ES_VB_S1_C0.mp3,AI_v3_ES_VB_S1_C0,AI,v3,ES,VB,S1,C0,,,,,,,
58,HUM_EN_S1_C3.wav,HUM_EN_S1_C3,HUM,,EN,,S1,C3,,,,,,,
59,HUM_ES_S1_C2.wav,HUM_ES_S1_C2,HUM,,ES,,S1,C2,,,,,,,
60,HUM_EN_S2_C1.mp3,HUM_EN_S2_C1,HUM,,EN,,S2,C1,,,,,,,
61,AI_fl_EN_VA_S1_C2.wav,AI_fl_EN_VA_S1_C2,AI,fl,EN,VA,S1,C2,,,,,,,
62,HUM_ES_S3_C1.mp3,HUM_ES_S3_C1,HUM,,ES,,S3,C1,,,,,,,
63,AI_v3_ES_VA_S3_C0.mp3,AI_v3_ES_VA_S3_C0,AI,v3,ES,VA,S3,C0,,,,,,,
64,AI_fl_EN_VB_S2_C3.wav,AI_fl_EN_VB_S2_C3,AI,fl,EN,VB,S2,C3,,,,,,,
65,HUM_HI_S3_C0.m4a,HUM_HI_S3_C0,HUM,,HI,,S3,C0,,,,,,,
66,AI_v3_HI_VA_S2_C3.wav,AI_v3_HI_VA_S2_C3,AI,v3,HI,VA,S2,C3,,,,,,,
67,AI_fl_ES_VB_S1_C2.wav,AI_fl_ES_VB_S1_C2,AI,fl,ES,VB,S1,C2,,,,,,,
68,AI_v3_EN_VB_S2_C2.wav,AI_v3_EN_VB_S2_C2,AI,v3,EN,VB,S2,C2,,,,,,,
69,AI_v2_EN_VA_S1_C2.wav,AI_v2_EN_VA_S1_C2,AI,v2,EN,VA,S1,C2,,,,,,,
70,AI_v2_ES_VB_S1_C0.mp3,AI_v2_ES_VB_S1_C0,AI,v2,ES,VB,S1,C0,,,,,,,
71,AI_fl_ES_VA_S3_C0.mp3,AI_fl_ES_VA_S3_C0,AI,fl,ES,VA,S3,C0,,,,,,,
72,AI_v3_HI_VA_S2_C2.wav,AI_v3_HI_VA_S2_C2,AI,v3,HI,VA,S2,C2,,,,,,,
73,AI_fl_HI_VA_S2_C2.wav,AI_fl_HI_VA_S2_C2,AI,fl,HI,VA,S2,C2,,,,,,,
74,AI_v3_HI_VA_S2_C0.mp3,AI_v3_HI_VA_S2_C0,AI,v3,HI,VA,S2,C0,,,,,,,
75,AI_fl_EN_VA_S1_C1.mp3,AI_fl_EN_VA_S1_C1,AI,fl,EN,VA,S1,C1,,,,,,,
76,AI_v2_EN_VA_S1_C1.mp3,AI_v2_EN_VA_S1_C1,AI,v2,EN,VA,S1,C1,,,,,,,
77,AI_v3_HI_VB_S3_C0.mp3,AI_v3_HI_VB_S3_C0,AI,v3,HI,VB,S3,C0,,,,,,,
78,AI_v2_HI_VB_S3_C0.mp3,AI_v2_HI_VB_S3_C0,AI,v2,HI,VB,S3,C0,,,,,,,
79,AI_fl_HI_VA_S2_C1.mp3,AI_fl_HI_VA_S2_C1,AI,fl,HI,VA,S2,C1,,,,,,,
80,AI_fl_EN_VA_S1_C0.mp3,AI_fl_EN_VA_S1_C0,AI,fl,EN,VA,S1,C0,,,,,,,
81,AI_v2_ES_VA_S3_C0.mp3,AI_v2_ES_VA_S3_C0,AI,v2,ES,VA,S3,C0,,,,,,,
82,AI_v2_ES_VB_S1_C1.mp3,AI_v2_ES_VB_S1_C1,AI,v2,ES,VB,S1,C1,,,,,,,
83,AI_v3_ES_VA_S3_C3.wav,AI_v3_ES_VA_S3_C3,AI,v3,ES,VA,S3,C3,,,,,,,
84,AI_fl_HI_VB_S3_C3.wav,AI_fl_HI_VB_S3_C3,AI,fl,HI,VB,S3,C3,,,,,,,
85,HUM_HI_S2_C2.wav,HUM_HI_S2_C2,HUM,,HI,,S2,C2,,,,,,,
86,AI_v2_ES_VB_S1_C3.wav,AI_v2_ES_VB_S1_C3,AI,v2,ES,VB,S1,C3,,,,,,,
87,AI_fl_ES_VB_S1_C1.mp3,AI_fl_ES_VB_S1_C1,AI,fl,ES,VB,S1,C1,,,,,,,
88,AI_v2_HI_VB_S3_C2.wav,AI_v2_HI_VB_S3_C2,AI,v2,HI,VB,S3,C2,,,,,,,
89,AI_v3_EN_VA_S1_C3.wav,AI_v3_EN_VA_S1_C3,AI,v3,EN,VA,S1,C3,,,,,,,
90,AI_v3_ES_VB_S1_C3.wav,AI_v3_ES_VB_S1_C3,AI,v3,ES,VB,S1,C3,,,,,,,
91,HUM_HI_S2_C3.wav,HUM_HI_S2_C3,HUM,,HI,,S2,C3,,,,,,,
92,AI_fl_ES_VA_S3_C1.mp3,AI_fl_ES_VA_S3_C1,AI,fl,ES,VA,S3,C1,,,,,,,
93,AI_fl_ES_VB_S1_C3.wav,AI_fl_ES_VB_S1_C3,AI,fl,ES,VB,S1,C3,,,,,,,
94,AI_v2_HI_VA_S2_C0.mp3,AI_v2_HI_VA_S2_C0,AI,v2,HI,VA,S2,C0,,,,,,,
95,AI_v3_ES_VB_S1_C2.wav,AI_v3_ES_VB_S1_C2,AI,v3,ES,VB,S1,C2,,,,,,,
96,AI_v2_EN_VB_S2_C2.wav,AI_v2_EN_VB_S2_C2,AI,v2,EN,VB,S2,C2,,,,,,,
