position,file
1,AI_v2_HI_VB_S3_C3.wav
2,AI_v3_ES_VA_S3_C1.mp3
3,HUM_ES_S1_C3.wav
4,AI_v3_EN_VB_S2_C0.mp3
5,HUM_HI_S3_C1.mp3
6,AI_fl_HI_VB_S3_C2.wav
7,AI_v2_EN_VA_S1_C0.mp3
8,AI_v2_EN_VA_S1_C3.wav
9,AI_v2_HI_VA_S2_C3.wav
10,HUM_HI_S2_C0.m4a
11,HUM_HI_S3_C3.wav
12,AI_v3_EN_VA_S1_C2.wav
13,AI_fl_ES_VB_S1_C0.mp3
14,HUM_ES_S3_C0.m4a
15,AI_v3_EN_VB_S2_C1.mp3
16,AI_v2_ES_VA_S3_C2.wav
17,AI_fl_HI_VB_S3_C1.mp3
18,AI_v2_HI_VB_S3_C1.mp3
19,AI_v3_EN_VA_S1_C1.mp3
20,HUM_EN_S1_C1.mp3
21,HUM_HI_S2_C1.mp3
22,AI_v2_EN_VB_S2_C1.mp3
23,AI_v3_HI_VA_S2_C1.mp3
24,HUM_EN_S2_C3.wav
25,AI_v3_HI_VB_S3_C1.mp3
26,HUM_EN_S2_C2.wav
27,HUM_EN_S1_C0.m4a
28,AI_v3_HI_VB_S3_C3.wav
29,HUM_EN_S2_C0.m4a
30,AI_v3_ES_VA_S3_C2.wav
31,HUM_ES_S1_C0.m4a
32,AI_fl_HI_VA_S2_C3.wav
33,AI_v2_HI_VA_S2_C1.mp3
34,AI_v2_ES_VA_S3_C3.wav
35,AI_fl_EN_VB_S2_C1.mp3
36,AI_v2_EN_VB_S2_C0.mp3
37,AI_fl_EN_VA_S1_C3.wav
38,AI_fl_EN_VB_S2_C0.mp3
39,AI_v2_ES_VA_S3_C1.mp3
40,AI_v3_ES_VB_S1_C1.mp3
41,AI_fl_ES_VA_S3_C2.wav
42,AI_v2_HI_VA_S2_C2.wav
43,HUM_HI_S3_C2.wav
44,HUM_ES_S3_C2.wav
45,AI_fl_EN_VB_S2_C2.wav
46,HUM_ES_S3_C3.wav
47,AI_v3_EN_VA_S1_C0.mp3
48,HUM_ES_S1_C1.mp3
49,AI_v3_EN_VB_S2_C3.wav
50,AI_v2_EN_VB_S2_C3.wav
51,AI_fl_ES_VA_S3_C3.wav
52,HUM_EN_S1_C2.wav
53,AI_fl_HI_VB_S3_C0.mp3
54,AI_v2_ES_VB_S1_C2.wav
55,AI_fl_HI_VA_S2_C0.mp3
56,AI_v3_HI_VB_S3_C2.wav
57,AI_v3_ES_VB_S1_C0.mp3
58,HUM_EN_S1_C3.wav
59,HUM_ES_S1_C2.wav
60,HUM_EN_S2_C1.mp3
61,AI_fl_EN_VA_S1_C2.wav
62,HUM_ES_S3_C1.mp3
63,AI_v3_ES_VA_S3_C0.mp3
64,AI_fl_EN_VB_S2_C3.wav
65,HUM_HI_S3_C0.m4a
66,AI_v3_HI_VA_S2_C3.wav
67,AI_fl_ES_VB_S1_C2.wav
68,AI_v3_EN_VB_S2_C2.wav
69,AI_v2_EN_VA_S1_C2.wav
70,AI_v2_ES_VB_S1_C0.mp3
71,AI_fl_ES_VA_S3_C0.mp3
72,AI_v3_HI_VA_S2_C2.wav
73,AI_fl_HI_VA_S2_C2.wav
74,AI_v3_HI_VA_S2_C0.mp3
75,AI_fl_EN_VA_S1_C1.mp3
76,AI_v2_EN_VA_S1_C1.mp3
77,AI_v3_HI_VB_S3_C0.mp3
78,AI_v2_HI_VB_S3_C0.mp3
79,AI_fl_HI_VA_S2_C1.mp3
80,AI_fl_EN_VA_S1_C0.mp3
81,AI_v2_ES_VA_S3_C0.mp3
82,AI_v2_ES_VB_S1_C1.mp3
83,AI_v3_ES_VA_S3_C3.wav
84,AI_fl_HI_VB_S3_C3.wav
85,HUM_HI_S2_C2.wav
86,AI_v2_ES_VB_S1_C3.wav
87,AI_fl_ES_VB_S1_C1.mp3
88,AI_v2_HI_VB_S3_C2.wav
89,AI_v3_EN_VA_S1_C3.wav
90,AI_v3_ES_VB_S1_C3.wav
91,HUM_HI_S2_C3.wav
92,AI_fl_ES_VA_S3_C1.mp3
93,AI_fl_ES_VB_S1_C3.wav
94,AI_v2_HI_VA_S2_C0.mp3
95,AI_v3_ES_VB_S1_C2.wav
96,AI_v2_EN_VB_S2_C2.wav
