condition,model,detected,n,recall,ci_low,ci_high,mean_score
C0,all,17,18,0.944,0.742,0.99,91.7
C0,v2,6,6,1.0,0.61,1.0,98.0
C0,fl,6,6,1.0,0.61,1.0,98.0
C0,v3,5,6,0.833,0.436,0.97,79.2
C0,v2+fl,12,12,1.0,0.757,1.0,98.0
C1,all,17,18,0.944,0.742,0.99,90.3
C1,v2,6,6,1.0,0.61,1.0,98.0
C1,fl,6,6,1.0,0.61,1.0,98.0
C1,v3,5,6,0.833,0.436,0.97,74.8
C1,v2+fl,12,12,1.0,0.757,1.0,98.0
C2,all,16,18,0.889,0.672,0.969,83.1
C2,v2,6,6,1.0,0.61,1.0,98.0
C2,fl,6,6,1.0,0.61,1.0,98.0
C2,v3,4,6,0.667,0.3,0.903,53.2
C2,v2+fl,12,12,1.0,0.757,1.0,98.0
C3,all,12,18,0.667,0.437,0.837,68.6
C3,v2,6,6,1.0,0.61,1.0,96.5
C3,fl,6,6,1.0,0.61,1.0,91.2
C3,v3,0,6,0.0,0.0,0.39,18.2
C3,v2+fl,12,12,1.0,0.757,1.0,93.8
